{
   "ok" : "OK",
   "cancel" : "Cancel",
   "hotkey" : "hot key: ",
   "loading" : "Loading...",

   "title_screen_exit": "exit",
   "title_screen_settings": "settings",
   "title_screen_credits": "credits",
   "title_screen_new_game": "New Game",
   "title_screen_quick_start": "Quick Start",
   "title_screen_load_game": "Load Game",

   "opt_title" : "Help us make Stonehearth better!",
   "opt_text" : "Will you allow us to collect anonymous performance and gameplay data to help us tune future versions of the game?",
   "opt_in_button" : "Yes, I'll help",
   "opt_out_button" : "Nah",
   "opt_thanks" : "Thanks!",

   "settings_title" : "Settings",
   "settings_gfx_cardinfo" : "__gpuRenderer__ (__gpuDriver__)",
   "settings_gfx_enable_shadows" : "Enable Shadows",
   "settings_gfx_enable_vsync" : "Enable Vertical Sync",
   "settings_gfx_enable_fullscreen" : "Fullscreen (Requires Restart)",
   "settings_gfx_msaa" : "Anti-Aliasing Level (Requires Restart)",
   "settings_gfx_shadows" : "Shadow Detail",
   "settings_gfx_drawdistance" : "Draw Distance",
   "settings_gfx_fasthilite" : "Fast Selection Effect",

   "settings_shadow_0" : "off",
   "settings_shadow_1" : "just a touch",
   "settings_shadow_2" : "a little",
   "settings_shadow_3" : "a little more",
   "settings_shadow_4" : "a lot",
   "settings_shadow_5" : "a whole lot!",

   "settings_aa_slider_0" : "off",
   "settings_aa_slider_1" : "a little",
   "settings_aa_slider_2" : "a little more",
   "settings_aa_slider_3" : "a lot",
   "settings_aa_slider_4" : "a whole lot!",

   "new_game_embark_button" : "Embark!",
   "new_game_founding_charter" : "Founder's Manual",
   "new_game_founding_charter_help" : "First, find a suitable spot for your new home. Pick a spot with easy access to:<p><ol><li><b>Food!</b> Wild berries often grow in the forest.<li><b>Lumber!</b> You'll need wood to do just about anything.</ol>When you're ready, click the banner then place it where you would like to settle.",
   "new_game_setup_base_camp" : "Setup your base camp",
   "new_game_setup_base_camp_help" : "You'll need somewhere to store your supplies. Make a small stockpile.<ol><li>Click on the bouncing crate.<li>Drag out a region on the ground.<li>Don't make it too big, you can make more stockpiles later.</li></ol>",
   "new_game_setup_finished" : "Onward!",
   "new_game_setup_finished_help" : "The rest is up to you. Start by gathering wood and stone resources, then building a workshop.",
   "new_game_place_banner" : "Click me to place your banner",
   "new_game_place_stockpile" : "Click me to place your stockpile",
   "new_game_setup_finished_button" : "Ok, got it",

   "plains_1"    : "Plains",
   "plains_2"    : "Plains",
   "foothills_1" : "Foothills",
   "foothills_2" : "Foothills",
   "mountains_1" : "Mountains",
   "mountains_2" : "Mountains",
   "mountains_3" : "Mountains",
   "mountains_4" : "Mountain Peak",
   "mountains_5" : "Mountain Peak",
   "mountains_6" : "Mountain Peak",
   "mountains_7" : "Mountain Peak",

   "vegetation_0" : "Nary a weed",
   "vegetation_1" : "Sparse",
   "vegetation_2" : "Average",
   "vegetation_3" : "Dense",
   "vegetation_4" : "Lush",
   "vegetation_5" : "Ridiculously Lush",

   "wildlife_0": "Desolate",
   "wildlife_1": "Scarce",
   "wildlife_2": "Common",
   "wildlife_3": "Plentiful",
   "wildlife_4": "Abundant",

   "embark_title" : "Click the map to choose your settlement's location",
   "embark_at_this_location" : "Embark here!",
   "embark_clear_selection" : "Choose another location",
   "embark_regenerate_map" : "Roll new map",

   "loading_map": "Generating World",
   "loading_map_1": "sharpening right angles...",
   "loading_map_2": "decompressing voxels...",
   "loading_map_3": "synthesizing fauna...",
   "loading_map_4": "redistubuting redistrubutables...",
   "loading_map_5": "terracing terrain...",
   "loading_map_6": "stocking piles...",
   "loading_map_7": "inflating trees...",
   "loading_map_8": "rising sun...",
   "loading_map_9": "floating clouds...",
   "loading_map_10": "burlying hands...",
   "loading_map_11": "bushing berries...",
   "loading_map_12": "confabulating childhood...",
   "loading_map_13": "resolving determinism...",
   "loading_map_14": "cubulating companionship...",
   "loading_map_15": "existentializing dilemmas...",
   "loading_map_16": "improvising morals...",
   "loading_map_17": "splining reticulators..",
   "loading_map_18": "diversifying gender...",
   "loading_map_19": "homogenizing motivation...",
   "loading_map_20": "deriving history...",
   "loading_map_21": "indexing bugs...",
   "loading_map_22": "compiling truth...",
   "loading_map_23": "recollecting marbles...",
   "loading_map_24": "effecting mass...",
   "loading_map_25": "experiencing higher math...",
   "loading_map_26": "proliferating flowers...",
   "loading_map_27": "escaping realism...",
   "loading_map_28": "positioning plushies...",
   "loading_map_29": "regulating hairbobs...",

   "hint_camera_pan_title": "To move the camera",
   "hint_camera_pan_1": "Hold down the space bar, then move the mouse",
   "hint_camera_pan_2": "Or just use the WASD keys",
   "hint_camera_orbit_title": "To rotate the camera",
   "hint_camera_orbit_1": "Right click and drag to rotate the camera",
   "hint_camera_orbit_2": "Q and E work too",
   "hint_camera_zoom_title": "To zoom in and out",
   "hint_camera_zoom": "Use the mouse scroll wheel",

   "show_character_sheet_persona" : "Persona",
   "show_character_sheet_latest_journal" : "Latest Journal",
   "show_character_sheet_attributes" : "Attributes",

   "show_stockpile_all" : "All",
   "show_stockpile_none" : "None",
   "show_stockpile_storage_for" : "Storage for:",
   "show_stockpile_resources" : "Resources",
   "show_stockpile_construction" : "Construction",
   "show_stockpile_goods" : "Tools & Goods",
   "show_stockpile_gear" : "Weapons & Armor",
   "show_stockpile_food_and_drink" : "Food & Drink",
   "show_stockpile_wealth" : "Wealth",
   "show_stockpile_tooltip_wood" : "wood",
   "show_stockpile_tooltip_stone" : "stone",
   "show_stockpile_tooltip_ore" : "ore",
   "show_stockpile_tooltip_animal_part" : "animal parts",
   "show_stockpile_tooltip_portal" : "doors & windows",
   "show_stockpile_tooltip_furniture" : "furniture",
   "show_stockpile_tooltip_defense" : "defenses",
   "show_stockpile_tooltip_light" : "torches & lights",
   "show_stockpile_tooltip_decoration" : "decorations",
   "show_stockpile_tooltip_refined_cloth" : "thread & cloth",
   "show_stockpile_tooltip_refined_animal_part" : "goods produced from bits of animals",
   "show_stockpile_tooltip_refined_ore" : "metal bars",
   "show_stockpile_tooltip_melee_weapon" : "melee weapons",
   "show_stockpile_tooltip_ranged_weapon" : "ranged weapons",
   "show_stockpile_tooltip_light_armor" : "light armor",
   "show_stockpile_tooltip_heavy_armor" : "heavy armor",
   "show_stockpile_tooltip_exotic_gear" : "exotic gear",
   "show_stockpile_tooltip_fruit" : "fruits & veggies",
   "show_stockpile_tooltip_baked" : "baked goods",
   "show_stockpile_tooltip_meat" : "meats",
   "show_stockpile_tooltip_drink" : "tasty beverages",
   "show_stockpile_tooltip_gold" : "gold",
   "show_stockpile_tooltip_gem" : "gems and trophies",

   "show_workshop_description" : "Owned by ",
   "craft_number_left": "Craft",
   "craft_number_right": "right now.",
   "craft_up_to_left": "Maintain",
   "craft_up_to_right": "in inventory.",
   "craft_ingredients": "Ingredients:",
   "crafting_status": "crafting...",
   "workshop_paused_status": "paused...",
   "workshop_remove_confirm": "Remove?",
   "workshop_open" : "Open!",
   "workshop_closed" : "Closed",

   "build_workshop_requirements" : "Requirements",
   "build_workshop_create_stockpile" : "Crafter's Stockpile",
   "build_workshop_create_stockpile_description" : "The crafter will store crafted goods in this stockpile.<p>You probably want to place it near the workbench, but hey, it's your decision.",
   "promote_scroll_title": "Promotion to __promotionClass__",
   "promote_scroll_text_1" : "In honor of steadfast efforts and resilience, we hereby advance",
   "promote_scroll_choose": "choose a citizen...",
   "promote_scroll_text_2": "to the role of __promotionClass__ this __date__",
   "promote_scroll_approve": "APPROVE",
   "promote_scroll_approved": "APPROVED",
   "item_placement_title": "Place",
   "item_placement_description": "Click to place this item in the world. Right click to rotate the item before placing.",
   "item_placement_no_entities": "There is nothing to place!",
   "item_movement_title": "Move",
   "item_movement_description": "Move this item elsewhere. Right click to rotate.",

   "beleaguered_leader" : "Beleaguered Leader",
   "hopeless_optimist" : "Hopeless Optimist",
   "lovable_rogue" : "Loveable Rogue",
   "psychopathic_misanthrope" : "Psychopathic Misanthrope",
   "insufferable_academic" : "Insufferable Academic",
   "diligent_sweetheart" : "Diligent Sweetheart",

   "diligence_attribute" : "Diligence", 
   "curiosity_attribute" : "Curiosity",
   "inventiveness_attribute" : "Inventiveness", 
   "muscle_attribute" : "Muscle",
   "speed_attribute" : "Speed",
   "stamina_attribute" : "Stamina",
   "courage_attribute" : "Courage",
   "willpower_attribute" : "Willpower",
   "compassion_attribute" : "Compassion",

   "inventory_title" : "Backpack",
   "inventory_description" : "The backpack can hold items for safe-keeping while you're away from town.",
   "inventory_full" : "FULL!"
}

